{
  "project_info": {
    "project_number": "176215702063",
    "project_id": "last-topic",
    "storage_bucket": "last-topic.appspot.com"
  },
  "client": [
    {
      "client_info": {
        "mobilesdk_app_id": "1:176215702063:android:dd5a69bef10f899ee424da",
        "android_client_info": {
          "package_name": "com.example.last_topic"
        }
      },
      "oauth_client": [],
      "api_key": [
        {
          "current_key": "AIzaSyBtHMryfjffWYXcj29O-KgVOXvRKZQ10oY"
        }
      ],
      "services": {
        "appinvite_service": {
          "other_platform_oauth_client": []
        }
      }
    }
  ],
  "configuration_version": "1"
}